/*
 Navicat MySQL Data Transfer

 Source Server         : carrent
 Source Server Type    : MySQL
 Source Server Version : 80025
 Source Host           : localhost:3306
 Source Schema         : carrentsystem

 Target Server Type    : MySQL
 Target Server Version : 80025
 File Encoding         : 65001

 Date: 17/06/2021 15:22:53
*/

SET NAMES utf8mb4;
SET FOREIGN_KEY_CHECKS = 0;

-- ----------------------------
-- Table structure for car
-- ----------------------------
DROP TABLE IF EXISTS `car`;
CREATE TABLE `car`  (
  `license` varchar(255) CHARACTER SET utf8mb4 COLLATE utf8mb4_0900_ai_ci NOT NULL,
  `brand` varchar(255) CHARACTER SET utf8mb4 COLLATE utf8mb4_0900_ai_ci NOT NULL,
  `cost` int NOT NULL,
  `status` int NOT NULL,
  `pledge` int NOT NULL,
  PRIMARY KEY (`license`) USING BTREE
) ENGINE = InnoDB CHARACTER SET = utf8mb4 COLLATE = utf8mb4_0900_ai_ci ROW_FORMAT = Dynamic;

-- ----------------------------
-- Records of car
-- ----------------------------
INSERT INTO `car` VALUES ('京G8800', '五菱宏光', 2, 3, 258);
INSERT INTO `car` VALUES ('京L6279', '宾利', 32, 3, 104);
INSERT INTO `car` VALUES ('京P3415', '五菱宏光', 19, 4, 266);
INSERT INTO `car` VALUES ('京P4662', '五菱宏光', 47, 3, 215);
INSERT INTO `car` VALUES ('京S7641', '一汽', 38, 2, 160);
INSERT INTO `car` VALUES ('京V4611', '五菱宏光', 21, 1, 199);
INSERT INTO `car` VALUES ('晋B2209', '奔驰', 56, 5, 144);
INSERT INTO `car` VALUES ('晋C9188', '宝马', 19, 1, 218);
INSERT INTO `car` VALUES ('晋C9947', '现代', 76, 2, 161);
INSERT INTO `car` VALUES ('晋D1457', '宾利', 14, 0, 227);
INSERT INTO `car` VALUES ('晋D2333', '宝马', 74, 4, 123);
INSERT INTO `car` VALUES ('晋I4680', '奔驰', 68, 3, 186);
INSERT INTO `car` VALUES ('晋J4734', '现代', 43, 4, 247);
INSERT INTO `car` VALUES ('晋L1118', '奔驰', 47, 2, 218);
INSERT INTO `car` VALUES ('晋M9965', '宾利', 22, 0, 203);
INSERT INTO `car` VALUES ('晋N5799', '特斯拉', 62, 4, 142);
INSERT INTO `car` VALUES ('晋T5906', '特斯拉', 71, 0, 190);
INSERT INTO `car` VALUES ('晋V2417', '宾利', 27, 2, 223);
INSERT INTO `car` VALUES ('晋Y1497', '特斯拉', 33, 3, 125);
INSERT INTO `car` VALUES ('琼E1599', '奔驰', 13, 4, 225);
INSERT INTO `car` VALUES ('琼F4039', '本田', 3, 1, 178);
INSERT INTO `car` VALUES ('琼I2525', '宾利', 73, 4, 261);
INSERT INTO `car` VALUES ('琼J5771', '路虎', 33, 4, 265);
INSERT INTO `car` VALUES ('琼J7480', '五菱宏光', 91, 0, 282);
INSERT INTO `car` VALUES ('琼K4999', '特斯拉', 88, 1, 196);
INSERT INTO `car` VALUES ('琼P5395', '一汽', 65, 3, 260);
INSERT INTO `car` VALUES ('琼T9553', '大众', 62, 2, 242);
INSERT INTO `car` VALUES ('皖G2772', '奔驰', 84, 0, 235);
INSERT INTO `car` VALUES ('皖G8088', '特斯拉', 96, 4, 199);
INSERT INTO `car` VALUES ('皖I4979', '本田', 53, 2, 249);
INSERT INTO `car` VALUES ('皖J4788', '一汽', 9, 4, 177);
INSERT INTO `car` VALUES ('皖K7676', '特斯拉', 9, 3, 131);
INSERT INTO `car` VALUES ('皖L9903', '宾利', 44, 2, 136);
INSERT INTO `car` VALUES ('皖Q8240', '特斯拉', 62, 5, 179);
INSERT INTO `car` VALUES ('皖R8084', '本田', 74, 5, 185);
INSERT INTO `car` VALUES ('皖U4932', '宝马', 51, 2, 162);
INSERT INTO `car` VALUES ('皖W8977', '五菱宏光', 27, 2, 185);
INSERT INTO `car` VALUES ('皖Y6981', '现代', 76, 2, 112);
INSERT INTO `car` VALUES ('粤H2723', '奔驰', 96, 4, 281);
INSERT INTO `car` VALUES ('粤I2044', '一汽', 41, 4, 142);
INSERT INTO `car` VALUES ('粤J9633', '大众', 28, 1, 242);
INSERT INTO `car` VALUES ('粤R9337', '现代', 83, 1, 258);
INSERT INTO `car` VALUES ('粤T4718', '宾利', 25, 0, 257);
INSERT INTO `car` VALUES ('粤T6389', '大众', 73, 1, 208);
INSERT INTO `car` VALUES ('粤U8376', '宾利', 23, 1, 207);
INSERT INTO `car` VALUES ('粤Y6139', '五菱宏光', 14, 5, 289);
INSERT INTO `car` VALUES ('苏A4124', '特斯拉', 55, 5, 145);
INSERT INTO `car` VALUES ('苏F5624', '特斯拉', 78, 3, 107);
INSERT INTO `car` VALUES ('苏L5289', '本田', 66, 2, 149);
INSERT INTO `car` VALUES ('苏M4661', '现代', 63, 3, 138);
INSERT INTO `car` VALUES ('苏N7350', '五菱宏光', 44, 5, 147);
INSERT INTO `car` VALUES ('苏N8151', '宝马', 54, 3, 180);
INSERT INTO `car` VALUES ('苏O8717', '一汽', 59, 0, 165);
INSERT INTO `car` VALUES ('苏S8553', '路虎', 50, 5, 101);
INSERT INTO `car` VALUES ('苏X5088', '特斯拉', 38, 4, 185);
INSERT INTO `car` VALUES ('苏Y8593', '一汽', 92, 4, 291);
INSERT INTO `car` VALUES ('赣A3607', '一汽', 35, 1, 294);
INSERT INTO `car` VALUES ('赣E2699', '一汽', 93, 2, 103);
INSERT INTO `car` VALUES ('赣F9304', '宾利', 77, 1, 140);
INSERT INTO `car` VALUES ('赣G7941', '宝马', 45, 0, 255);
INSERT INTO `car` VALUES ('赣M7312', '现代', 27, 5, 153);
INSERT INTO `car` VALUES ('赣O5682', '路虎', 93, 2, 288);
INSERT INTO `car` VALUES ('赣Q9626', '奔驰', 61, 0, 287);
INSERT INTO `car` VALUES ('赣T3565', '宾利', 59, 5, 164);
INSERT INTO `car` VALUES ('赣W4763', '一汽', 28, 4, 139);
INSERT INTO `car` VALUES ('赣W7555', '本田', 35, 5, 255);
INSERT INTO `car` VALUES ('赣Z8006', '特斯拉', 4, 4, 274);
INSERT INTO `car` VALUES ('辽A3089', '现代', 51, 4, 104);
INSERT INTO `car` VALUES ('辽A3518', '五菱宏光', 31, 4, 140);
INSERT INTO `car` VALUES ('辽D5655', '奔驰', 34, 4, 249);
INSERT INTO `car` VALUES ('辽E8699', '宝马', 4, 0, 180);
INSERT INTO `car` VALUES ('辽I7137', '一汽', 36, 5, 141);
INSERT INTO `car` VALUES ('辽I7287', '宝马', 47, 4, 211);
INSERT INTO `car` VALUES ('辽Q6700', '路虎', 6, 2, 143);
INSERT INTO `car` VALUES ('辽S7149', '一汽', 55, 1, 116);
INSERT INTO `car` VALUES ('辽S9186', '五菱宏光', 85, 2, 274);
INSERT INTO `car` VALUES ('辽T8912', '五菱宏光', 90, 0, 213);
INSERT INTO `car` VALUES ('辽Y2588', '宝马', 94, 0, 243);
INSERT INTO `car` VALUES ('鄂E9210', '特斯拉', 33, 5, 122);
INSERT INTO `car` VALUES ('鄂I1125', '宝马', 67, 2, 245);
INSERT INTO `car` VALUES ('鄂I7309', '大众', 81, 0, 252);
INSERT INTO `car` VALUES ('鄂L3040', '一汽', 2, 5, 291);
INSERT INTO `car` VALUES ('鄂L6121', '宝马', 50, 2, 116);
INSERT INTO `car` VALUES ('鄂M5826', '路虎', 41, 5, 291);
INSERT INTO `car` VALUES ('鄂O4556', '本田', 83, 5, 137);
INSERT INTO `car` VALUES ('鄂S3141', '特斯拉', 58, 0, 180);
INSERT INTO `car` VALUES ('鄂S4465', '路虎', 69, 1, 204);
INSERT INTO `car` VALUES ('鄂Y3586', '五菱宏光', 49, 4, 151);
INSERT INTO `car` VALUES ('黑B3184', '本田', 94, 3, 221);
INSERT INTO `car` VALUES ('黑B5120', '大众', 65, 5, 125);
INSERT INTO `car` VALUES ('黑B6841', '奔驰', 23, 4, 147);
INSERT INTO `car` VALUES ('黑D1558', '路虎', 21, 5, 107);
INSERT INTO `car` VALUES ('黑I9444', '奔驰', 99, 4, 258);
INSERT INTO `car` VALUES ('黑J8921', '宾利', 30, 2, 154);
INSERT INTO `car` VALUES ('黑K2485', '现代', 81, 2, 132);
INSERT INTO `car` VALUES ('黑O4891', '大众', 42, 0, 293);
INSERT INTO `car` VALUES ('黑O5793', '奔驰', 93, 1, 226);
INSERT INTO `car` VALUES ('黑R3133', '宝马', 64, 1, 188);
INSERT INTO `car` VALUES ('黑T5517', '大众', 43, 4, 238);
INSERT INTO `car` VALUES ('黑Y6876', '一汽', 44, 3, 116);

-- ----------------------------
-- Table structure for customer
-- ----------------------------
DROP TABLE IF EXISTS `customer`;
CREATE TABLE `customer`  (
  `id` int NOT NULL,
  `name` char(255) CHARACTER SET utf8mb4 COLLATE utf8mb4_0900_ai_ci NULL DEFAULT NULL,
  `age` int NULL DEFAULT NULL,
  `member` char(1) CHARACTER SET utf8mb4 COLLATE utf8mb4_0900_ai_ci NULL DEFAULT NULL,
  PRIMARY KEY (`id`) USING BTREE
) ENGINE = InnoDB CHARACTER SET = utf8mb4 COLLATE = utf8mb4_0900_ai_ci ROW_FORMAT = DYNAMIC;

-- ----------------------------
-- Records of customer
-- ----------------------------
INSERT INTO `customer` VALUES (2100, '黄天水', 0, 'N');
INSERT INTO `customer` VALUES (2101, '孙小天', 35, 'N');
INSERT INTO `customer` VALUES (2102, '周好小', 48, 'N');
INSERT INTO `customer` VALUES (2103, '揭年天', 42, 'N');
INSERT INTO `customer` VALUES (2104, '范佳风', 28, 'N');
INSERT INTO `customer` VALUES (2105, '赵风小', 32, 'N');
INSERT INTO `customer` VALUES (2106, '孙好天', 21, 'N');
INSERT INTO `customer` VALUES (2107, '孙苗人', 22, 'N');
INSERT INTO `customer` VALUES (2108, '揭好笑', 19, 'N');
INSERT INTO `customer` VALUES (2109, '钱人平', 39, 'N');
INSERT INTO `customer` VALUES (2110, '范年天', 9, 'N');
INSERT INTO `customer` VALUES (2111, '范佳未', 33, 'N');
INSERT INTO `customer` VALUES (2112, '范佳人', 1, 'N');
INSERT INTO `customer` VALUES (2113, '黄时未', 43, 'N');
INSERT INTO `customer` VALUES (2114, '钱鹏小', 45, 'N');
INSERT INTO `customer` VALUES (2115, '范佳鹏', 18, 'N');
INSERT INTO `customer` VALUES (2116, '钱苗天', 10, 'N');
INSERT INTO `customer` VALUES (2117, '周风笑', 31, 'N');
INSERT INTO `customer` VALUES (2118, '黄风未', 6, 'N');
INSERT INTO `customer` VALUES (2119, '孙时风', 22, 'N');
INSERT INTO `customer` VALUES (2120, '黄平好', 30, 'N');
INSERT INTO `customer` VALUES (2121, '孙鹏平', 34, 'N');
INSERT INTO `customer` VALUES (2122, '孙年天', 13, 'N');
INSERT INTO `customer` VALUES (2123, '钱好平', 46, 'N');
INSERT INTO `customer` VALUES (2124, '周人好', 25, 'N');
INSERT INTO `customer` VALUES (2125, '叶佳好', 19, 'N');
INSERT INTO `customer` VALUES (2126, '揭爱未', 6, 'N');
INSERT INTO `customer` VALUES (2127, '揭爱小', 25, 'N');
INSERT INTO `customer` VALUES (2128, '钱鹏人', 15, 'N');
INSERT INTO `customer` VALUES (2129, '钱笑平', 15, 'N');
INSERT INTO `customer` VALUES (2130, '蔡笑人', 41, 'N');
INSERT INTO `customer` VALUES (2131, '黄爱风', 44, 'N');
INSERT INTO `customer` VALUES (2132, '蔡佳人', 26, 'N');
INSERT INTO `customer` VALUES (2133, '揭年佳', 37, 'N');
INSERT INTO `customer` VALUES (2134, '赵爱苗', 42, 'N');
INSERT INTO `customer` VALUES (2135, '叶风好', 21, 'N');
INSERT INTO `customer` VALUES (2136, '叶平佳', 29, 'N');
INSERT INTO `customer` VALUES (2137, '李苗平', 10, 'N');
INSERT INTO `customer` VALUES (2138, '范水小', 47, 'N');
INSERT INTO `customer` VALUES (2139, '钱爱水', 30, 'N');
INSERT INTO `customer` VALUES (2140, '孙时好', 2, 'N');
INSERT INTO `customer` VALUES (2141, '揭时水', 29, 'N');
INSERT INTO `customer` VALUES (2142, '叶苗笑', 29, 'N');
INSERT INTO `customer` VALUES (2143, '揭天未', 5, 'N');
INSERT INTO `customer` VALUES (2144, '范小佳', 43, 'N');
INSERT INTO `customer` VALUES (2145, '范爱人', 12, 'N');
INSERT INTO `customer` VALUES (2146, '孙平爱', 44, 'N');
INSERT INTO `customer` VALUES (2147, '叶年平', 41, 'N');
INSERT INTO `customer` VALUES (2148, '范风爱', 8, 'N');
INSERT INTO `customer` VALUES (2149, '黄年天', 26, 'N');
INSERT INTO `customer` VALUES (2150, '赵风水', 45, 'N');
INSERT INTO `customer` VALUES (2151, '李鹏水', 39, 'N');
INSERT INTO `customer` VALUES (2152, '揭爱年', 8, 'N');
INSERT INTO `customer` VALUES (2153, '黄平人', 34, 'N');
INSERT INTO `customer` VALUES (2154, '李未人', 28, 'N');
INSERT INTO `customer` VALUES (2155, '周年佳', 5, 'N');
INSERT INTO `customer` VALUES (2156, '周时鹏', 49, 'N');
INSERT INTO `customer` VALUES (2157, '孙爱水', 18, 'N');
INSERT INTO `customer` VALUES (2158, '周爱平', 28, 'N');
INSERT INTO `customer` VALUES (2159, '叶时人', 36, 'N');
INSERT INTO `customer` VALUES (2160, '钱笑鹏', 20, 'N');
INSERT INTO `customer` VALUES (2161, '孙好鹏', 11, 'N');
INSERT INTO `customer` VALUES (2162, '揭爱水', 10, 'N');
INSERT INTO `customer` VALUES (2163, '揭水未', 16, 'N');
INSERT INTO `customer` VALUES (2164, '揭时佳', 39, 'N');
INSERT INTO `customer` VALUES (2165, '周小年', 14, 'N');
INSERT INTO `customer` VALUES (2166, '周水好', 7, 'N');
INSERT INTO `customer` VALUES (2167, '孙未小', 27, 'N');
INSERT INTO `customer` VALUES (2168, '蔡人小', 32, 'N');
INSERT INTO `customer` VALUES (2169, '孙时人', 38, 'N');
INSERT INTO `customer` VALUES (2170, '赵年平', 36, 'N');
INSERT INTO `customer` VALUES (2171, '孙好时', 29, 'N');
INSERT INTO `customer` VALUES (2172, '赵苗笑', 35, 'N');
INSERT INTO `customer` VALUES (2173, '周苗鹏', 41, 'N');
INSERT INTO `customer` VALUES (2174, '蔡佳人', 2, 'N');
INSERT INTO `customer` VALUES (2175, '李鹏人', 27, 'N');
INSERT INTO `customer` VALUES (2176, '叶平佳', 24, 'N');
INSERT INTO `customer` VALUES (2177, '李年风', 31, 'N');
INSERT INTO `customer` VALUES (2178, '叶风好', 6, 'N');
INSERT INTO `customer` VALUES (2179, '孙年水', 11, 'N');
INSERT INTO `customer` VALUES (2180, '赵平天', 14, 'N');
INSERT INTO `customer` VALUES (2181, '李鹏风', 26, 'N');
INSERT INTO `customer` VALUES (2182, '蔡好好', 15, 'N');
INSERT INTO `customer` VALUES (2183, '揭时年', 25, 'N');
INSERT INTO `customer` VALUES (2184, '孙天时', 32, 'N');
INSERT INTO `customer` VALUES (2185, '蔡爱平', 8, 'N');
INSERT INTO `customer` VALUES (2186, '黄水爱', 33, 'N');
INSERT INTO `customer` VALUES (2187, '范苗爱', 2, 'N');
INSERT INTO `customer` VALUES (2188, '赵天鹏', 43, 'N');
INSERT INTO `customer` VALUES (2189, '李未风', 17, 'N');
INSERT INTO `customer` VALUES (2190, '赵风好', 28, 'N');
INSERT INTO `customer` VALUES (2191, '孙小苗', 4, 'N');
INSERT INTO `customer` VALUES (2192, '范天爱', 45, 'N');
INSERT INTO `customer` VALUES (2193, '李好天', 44, 'N');
INSERT INTO `customer` VALUES (2194, '李佳天', 9, 'N');
INSERT INTO `customer` VALUES (2195, '范苗小', 25, 'N');
INSERT INTO `customer` VALUES (2196, '赵天鹏', 13, 'N');
INSERT INTO `customer` VALUES (2197, '蔡年未', 46, 'N');
INSERT INTO `customer` VALUES (2198, '周佳小', 35, 'N');
INSERT INTO `customer` VALUES (2199, '揭时爱', 39, 'N');

-- ----------------------------
-- Table structure for info
-- ----------------------------
DROP TABLE IF EXISTS `info`;
CREATE TABLE `info`  (
  `infoid` int NOT NULL,
  `license` char(255) CHARACTER SET utf8mb4 COLLATE utf8mb4_0900_ai_ci NULL DEFAULT NULL,
  `customerid` int NULL DEFAULT NULL,
  `stuffid` int NULL DEFAULT NULL,
  `event` int NULL DEFAULT NULL,
  `moychange` int NULL DEFAULT NULL,
  `detailevent` char(255) CHARACTER SET utf8mb4 COLLATE utf8mb4_0900_ai_ci NULL DEFAULT NULL,
  `time` int NULL DEFAULT NULL,
  PRIMARY KEY (`infoid`) USING BTREE,
  INDEX `l_liscense`(`license`) USING BTREE,
  INDEX `customerid`(`customerid`) USING BTREE,
  INDEX `stuffid`(`stuffid`) USING BTREE,
  CONSTRAINT `info_ibfk_1` FOREIGN KEY (`customerid`) REFERENCES `customer` (`id`) ON DELETE RESTRICT ON UPDATE RESTRICT,
  CONSTRAINT `info_ibfk_2` FOREIGN KEY (`stuffid`) REFERENCES `stuff` (`id`) ON DELETE RESTRICT ON UPDATE RESTRICT,
  CONSTRAINT `l_liscense` FOREIGN KEY (`license`) REFERENCES `car` (`license`) ON DELETE RESTRICT ON UPDATE RESTRICT
) ENGINE = InnoDB CHARACTER SET = utf8mb4 COLLATE = utf8mb4_0900_ai_ci ROW_FORMAT = Dynamic;

-- ----------------------------
-- Records of info
-- ----------------------------
INSERT INTO `info` VALUES (0, '苏Y8593', 2100, 2000, 3, 0, NULL, 20210627);
INSERT INTO `info` VALUES (1, '苏Y8593', 2100, 2000, 4, 0, NULL, 20210629);
INSERT INTO `info` VALUES (4, '鄂Y3586', 2101, 2001, 3, 0, NULL, 20200724);
INSERT INTO `info` VALUES (5, '鄂Y3586', 2101, 2001, 4, 0, NULL, 20200726);
INSERT INTO `info` VALUES (8, '鄂E9210', 2102, 2002, 3, 0, NULL, 20201006);
INSERT INTO `info` VALUES (9, '鄂E9210', 2102, 2002, 4, 0, NULL, 20201008);
INSERT INTO `info` VALUES (11, '鄂E9210', 2102, 2002, 2, 0, NULL, 20201007);
INSERT INTO `info` VALUES (12, '赣O5682', 2103, 2003, 3, 0, NULL, 20200609);
INSERT INTO `info` VALUES (13, '赣O5682', 2103, 2003, 4, 0, NULL, 20200611);
INSERT INTO `info` VALUES (15, '赣O5682', 2103, 2003, 2, 0, NULL, 20200610);
INSERT INTO `info` VALUES (16, '晋Y1497', 2104, 2004, 3, 0, NULL, 20180821);
INSERT INTO `info` VALUES (17, '晋Y1497', 2104, 2004, 4, 0, NULL, 20180823);
INSERT INTO `info` VALUES (19, '晋Y1497', 2104, 2004, 2, 0, NULL, 20180822);
INSERT INTO `info` VALUES (20, '黑O5793', 2105, 2005, 3, 0, NULL, 20170602);
INSERT INTO `info` VALUES (21, '黑O5793', 2105, 2005, 4, 0, NULL, 20170604);
INSERT INTO `info` VALUES (22, '黑O5793', 2105, 2005, 1, 0, NULL, 20170603);
INSERT INTO `info` VALUES (23, '黑O5793', 2105, 2005, 2, 0, NULL, 20170603);
INSERT INTO `info` VALUES (24, '皖K7676', 2106, 2006, 3, 0, NULL, 20180317);
INSERT INTO `info` VALUES (25, '皖K7676', 2106, 2006, 4, 0, NULL, 20180319);
INSERT INTO `info` VALUES (27, '皖K7676', 2106, 2006, 2, 0, NULL, 20180318);
INSERT INTO `info` VALUES (28, '赣W7555', 2107, 2007, 3, 0, NULL, 20191028);
INSERT INTO `info` VALUES (29, '赣W7555', 2107, 2007, 4, 0, NULL, 20191030);
INSERT INTO `info` VALUES (32, '晋T5906', 2108, 2008, 3, 0, NULL, 20180106);
INSERT INTO `info` VALUES (33, '晋T5906', 2108, 2008, 4, 0, NULL, 20180108);
INSERT INTO `info` VALUES (34, '晋T5906', 2108, 2008, 1, 0, NULL, 20180107);
INSERT INTO `info` VALUES (35, '晋T5906', 2108, 2008, 2, 0, NULL, 20180107);
INSERT INTO `info` VALUES (36, '粤U8376', 2109, 2009, 3, 0, NULL, 20190908);
INSERT INTO `info` VALUES (37, '粤U8376', 2109, 2009, 4, 0, NULL, 20190910);
INSERT INTO `info` VALUES (39, '粤U8376', 2109, 2009, 2, 0, NULL, 20190909);
INSERT INTO `info` VALUES (40, '辽A3518', 2110, 2010, 3, 0, NULL, 20181223);
INSERT INTO `info` VALUES (41, '辽A3518', 2110, 2010, 4, 0, NULL, 20181225);
INSERT INTO `info` VALUES (43, '辽A3518', 2110, 2010, 2, 0, NULL, 20181224);
INSERT INTO `info` VALUES (44, '晋L1118', 2111, 2011, 3, 0, NULL, 20200211);
INSERT INTO `info` VALUES (45, '晋L1118', 2111, 2011, 4, 0, NULL, 20200213);
INSERT INTO `info` VALUES (46, '晋L1118', 2111, 2011, 1, 0, NULL, 20200212);
INSERT INTO `info` VALUES (47, '晋L1118', 2111, 2011, 2, 0, NULL, 20200212);
INSERT INTO `info` VALUES (48, '苏S8553', 2112, 2012, 3, 0, NULL, 20200213);
INSERT INTO `info` VALUES (49, '苏S8553', 2112, 2012, 4, 0, NULL, 20200215);
INSERT INTO `info` VALUES (52, '晋D2333', 2113, 2013, 3, 0, NULL, 20170026);
INSERT INTO `info` VALUES (53, '晋D2333', 2113, 2013, 4, 0, NULL, 20170028);
INSERT INTO `info` VALUES (54, '晋D2333', 2113, 2013, 1, 0, NULL, 20170027);
INSERT INTO `info` VALUES (56, '黑B5120', 2114, 2014, 3, 0, NULL, 20210206);
INSERT INTO `info` VALUES (57, '黑B5120', 2114, 2014, 4, 0, NULL, 20210208);
INSERT INTO `info` VALUES (58, '黑B5120', 2114, 2014, 1, 0, NULL, 20210207);
INSERT INTO `info` VALUES (60, '苏A4124', 2115, 2015, 3, 0, NULL, 20180209);
INSERT INTO `info` VALUES (61, '苏A4124', 2115, 2015, 4, 0, NULL, 20180211);
INSERT INTO `info` VALUES (62, '苏A4124', 2115, 2015, 1, 0, NULL, 20180210);
INSERT INTO `info` VALUES (64, '鄂S4465', 2116, 2016, 3, 0, NULL, 20190606);
INSERT INTO `info` VALUES (65, '鄂S4465', 2116, 2016, 4, 0, NULL, 20190608);
INSERT INTO `info` VALUES (67, '鄂S4465', 2116, 2016, 2, 0, NULL, 20190607);
INSERT INTO `info` VALUES (68, '鄂L3040', 2117, 2017, 3, 0, NULL, 20180327);
INSERT INTO `info` VALUES (69, '鄂L3040', 2117, 2017, 4, 0, NULL, 20180329);
INSERT INTO `info` VALUES (72, '黑J8921', 2118, 2018, 3, 0, NULL, 20210228);
INSERT INTO `info` VALUES (73, '黑J8921', 2118, 2018, 4, 0, NULL, 20210227);
INSERT INTO `info` VALUES (74, '黑J8921', 2118, 2018, 1, 0, NULL, 20210228);
INSERT INTO `info` VALUES (76, '京G8800', 2119, 2019, 3, 0, NULL, 20200418);
INSERT INTO `info` VALUES (77, '京G8800', 2119, 2019, 4, 0, NULL, 20200420);
INSERT INTO `info` VALUES (78, '京G8800', 2119, 2019, 1, 0, NULL, 20200419);
INSERT INTO `info` VALUES (79, '京G8800', 2119, 2019, 2, 0, NULL, 20200419);
INSERT INTO `info` VALUES (80, '赣Z8006', 2120, 2020, 3, 0, NULL, 20210825);
INSERT INTO `info` VALUES (81, '赣Z8006', 2120, 2020, 4, 0, NULL, 20210827);
INSERT INTO `info` VALUES (82, '赣Z8006', 2120, 2020, 1, 0, NULL, 20210826);
INSERT INTO `info` VALUES (83, '赣Z8006', 2120, 2020, 2, 0, NULL, 20210826);
INSERT INTO `info` VALUES (84, '京P3415', 2121, 2021, 3, 0, NULL, 20171213);
INSERT INTO `info` VALUES (85, '京P3415', 2121, 2021, 4, 0, NULL, 20171215);
INSERT INTO `info` VALUES (86, '京P3415', 2121, 2021, 1, 0, NULL, 20171214);
INSERT INTO `info` VALUES (87, '京P3415', 2121, 2021, 2, 0, NULL, 20171214);
INSERT INTO `info` VALUES (88, '粤J9633', 2122, 2022, 3, 0, NULL, 20210207);
INSERT INTO `info` VALUES (89, '粤J9633', 2122, 2022, 4, 0, NULL, 20210209);
INSERT INTO `info` VALUES (90, '粤J9633', 2122, 2022, 1, 0, NULL, 20210208);
INSERT INTO `info` VALUES (92, '苏N7350', 2123, 2023, 3, 0, NULL, 20210121);
INSERT INTO `info` VALUES (93, '苏N7350', 2123, 2023, 4, 0, NULL, 20210123);
INSERT INTO `info` VALUES (94, '苏N7350', 2123, 2023, 1, 0, NULL, 20210122);
INSERT INTO `info` VALUES (96, '粤Y6139', 2124, 2024, 3, 0, NULL, 20211111);
INSERT INTO `info` VALUES (97, '粤Y6139', 2124, 2024, 4, 0, NULL, 20211113);
INSERT INTO `info` VALUES (98, '粤Y6139', 2124, 2024, 1, 0, NULL, 20211112);
INSERT INTO `info` VALUES (99, '粤Y6139', 2124, 2024, 2, 0, NULL, 20211112);
INSERT INTO `info` VALUES (100, '辽A3089', 2125, 2025, 3, 0, NULL, 20170210);
INSERT INTO `info` VALUES (101, '辽A3089', 2125, 2025, 4, 0, NULL, 20170212);
INSERT INTO `info` VALUES (102, '辽A3089', 2125, 2025, 1, 0, NULL, 20170211);
INSERT INTO `info` VALUES (103, '辽A3089', 2125, 2025, 2, 0, NULL, 20170211);
INSERT INTO `info` VALUES (104, '辽I7137', 2126, 2026, 3, 0, NULL, 20210024);
INSERT INTO `info` VALUES (105, '辽I7137', 2126, 2026, 4, 0, NULL, 20210026);
INSERT INTO `info` VALUES (108, '琼T9553', 2127, 2027, 3, 0, NULL, 20191001);
INSERT INTO `info` VALUES (109, '琼T9553', 2127, 2027, 4, 0, NULL, 20191003);
INSERT INTO `info` VALUES (110, '琼T9553', 2127, 2027, 1, 0, NULL, 20191002);
INSERT INTO `info` VALUES (111, '琼T9553', 2127, 2027, 2, 0, NULL, 20191002);
INSERT INTO `info` VALUES (112, '赣W4763', 2128, 2028, 3, 0, NULL, 20210423);
INSERT INTO `info` VALUES (113, '赣W4763', 2128, 2028, 4, 0, NULL, 20210425);
INSERT INTO `info` VALUES (116, '鄂O4556', 2129, 2029, 3, 0, NULL, 20170728);
INSERT INTO `info` VALUES (117, '鄂O4556', 2129, 2029, 4, 0, NULL, 20170730);
INSERT INTO `info` VALUES (120, '辽E8699', 2130, 2030, 3, 0, NULL, 20180804);
INSERT INTO `info` VALUES (121, '辽E8699', 2130, 2030, 4, 0, NULL, 20180806);
INSERT INTO `info` VALUES (124, '辽D5655', 2131, 2031, 3, 0, NULL, 20211219);
INSERT INTO `info` VALUES (125, '辽D5655', 2131, 2031, 4, 0, NULL, 20211221);
INSERT INTO `info` VALUES (127, '辽D5655', 2131, 2031, 2, 0, NULL, 20211220);
INSERT INTO `info` VALUES (128, '粤I2044', 2132, 2032, 3, 0, NULL, 20170704);
INSERT INTO `info` VALUES (129, '粤I2044', 2132, 2032, 4, 0, NULL, 20170706);
INSERT INTO `info` VALUES (131, '粤I2044', 2132, 2032, 2, 0, NULL, 20170705);
INSERT INTO `info` VALUES (132, '粤T6389', 2133, 2033, 3, 0, NULL, 20190308);
INSERT INTO `info` VALUES (133, '粤T6389', 2133, 2033, 4, 0, NULL, 20190310);
INSERT INTO `info` VALUES (134, '粤T6389', 2133, 2033, 1, 0, NULL, 20190309);
INSERT INTO `info` VALUES (136, '黑K2485', 2134, 2034, 3, 0, NULL, 20180622);
INSERT INTO `info` VALUES (137, '黑K2485', 2134, 2034, 4, 0, NULL, 20180624);
INSERT INTO `info` VALUES (138, '黑K2485', 2134, 2034, 1, 0, NULL, 20180623);
INSERT INTO `info` VALUES (139, '黑K2485', 2134, 2034, 2, 0, NULL, 20180623);
INSERT INTO `info` VALUES (140, '琼J5771', 2135, 2035, 3, 0, NULL, 20200102);
INSERT INTO `info` VALUES (141, '琼J5771', 2135, 2035, 4, 0, NULL, 20200104);
INSERT INTO `info` VALUES (142, '琼J5771', 2135, 2035, 1, 0, NULL, 20200103);
INSERT INTO `info` VALUES (144, '晋N5799', 2136, 2036, 3, 0, NULL, 20211009);
INSERT INTO `info` VALUES (145, '晋N5799', 2136, 2036, 4, 0, NULL, 20211011);
INSERT INTO `info` VALUES (148, '赣E2699', 2137, 2037, 3, 0, NULL, 20201019);
INSERT INTO `info` VALUES (149, '赣E2699', 2137, 2037, 4, 0, NULL, 20201021);
INSERT INTO `info` VALUES (150, '赣E2699', 2137, 2037, 1, 0, NULL, 20201020);
INSERT INTO `info` VALUES (151, '赣E2699', 2137, 2037, 2, 0, NULL, 20201020);
INSERT INTO `info` VALUES (152, '黑B6841', 2138, 2038, 3, 0, NULL, 20170221);
INSERT INTO `info` VALUES (153, '黑B6841', 2138, 2038, 4, 0, NULL, 20170223);
INSERT INTO `info` VALUES (154, '黑B6841', 2138, 2038, 1, 0, NULL, 20170222);
INSERT INTO `info` VALUES (155, '黑B6841', 2138, 2038, 2, 0, NULL, 20170222);
INSERT INTO `info` VALUES (156, '粤T4718', 2139, 2039, 3, 0, NULL, 20180309);
INSERT INTO `info` VALUES (157, '粤T4718', 2139, 2039, 4, 0, NULL, 20180311);
INSERT INTO `info` VALUES (160, '粤H2723', 2140, 2040, 3, 0, NULL, 20191212);
INSERT INTO `info` VALUES (161, '粤H2723', 2140, 2040, 4, 0, NULL, 20191214);
INSERT INTO `info` VALUES (162, '粤H2723', 2140, 2040, 1, 0, NULL, 20191213);
INSERT INTO `info` VALUES (163, '粤H2723', 2140, 2040, 2, 0, NULL, 20191213);
INSERT INTO `info` VALUES (164, '苏N8151', 2141, 2041, 3, 0, NULL, 20201021);
INSERT INTO `info` VALUES (165, '苏N8151', 2141, 2041, 4, 0, NULL, 20201023);
INSERT INTO `info` VALUES (166, '苏N8151', 2141, 2041, 1, 0, NULL, 20201022);
INSERT INTO `info` VALUES (168, '赣F9304', 2142, 2042, 3, 0, NULL, 20170122);
INSERT INTO `info` VALUES (169, '赣F9304', 2142, 2042, 4, 0, NULL, 20170124);
INSERT INTO `info` VALUES (170, '赣F9304', 2142, 2042, 1, 0, NULL, 20170123);
INSERT INTO `info` VALUES (171, '赣F9304', 2142, 2042, 2, 0, NULL, 20170123);
INSERT INTO `info` VALUES (172, '辽S9186', 2143, 2043, 3, 0, NULL, 20210616);
INSERT INTO `info` VALUES (173, '辽S9186', 2143, 2043, 4, 0, NULL, 20210618);
INSERT INTO `info` VALUES (176, '苏L5289', 2144, 2044, 3, 0, NULL, 20181113);
INSERT INTO `info` VALUES (177, '苏L5289', 2144, 2044, 4, 0, NULL, 20181115);
INSERT INTO `info` VALUES (179, '苏L5289', 2144, 2044, 2, 0, NULL, 20181114);
INSERT INTO `info` VALUES (180, '皖U4932', 2145, 2045, 3, 0, NULL, 20190210);
INSERT INTO `info` VALUES (181, '皖U4932', 2145, 2045, 4, 0, NULL, 20190212);
INSERT INTO `info` VALUES (182, '皖U4932', 2145, 2045, 1, 0, NULL, 20190211);
INSERT INTO `info` VALUES (183, '皖U4932', 2145, 2045, 2, 0, NULL, 20190211);
INSERT INTO `info` VALUES (184, '辽Q6700', 2146, 2046, 3, 0, NULL, 20180201);
INSERT INTO `info` VALUES (185, '辽Q6700', 2146, 2046, 4, 0, NULL, 20180203);
INSERT INTO `info` VALUES (187, '辽Q6700', 2146, 2046, 2, 0, NULL, 20180202);
INSERT INTO `info` VALUES (188, '晋C9188', 2147, 2047, 3, 0, NULL, 20210812);
INSERT INTO `info` VALUES (189, '晋C9188', 2147, 2047, 4, 0, NULL, 20210814);
INSERT INTO `info` VALUES (190, '晋C9188', 2147, 2047, 1, 0, NULL, 20210813);
INSERT INTO `info` VALUES (192, '赣Q9626', 2148, 2048, 3, 0, NULL, 20200318);
INSERT INTO `info` VALUES (193, '赣Q9626', 2148, 2048, 4, 0, NULL, 20200320);
INSERT INTO `info` VALUES (194, '赣Q9626', 2148, 2048, 1, 0, NULL, 20200319);
INSERT INTO `info` VALUES (195, '赣Q9626', 2148, 2048, 2, 0, NULL, 20200319);
INSERT INTO `info` VALUES (196, '琼F4039', 2149, 2049, 3, 0, NULL, 20200417);
INSERT INTO `info` VALUES (197, '琼F4039', 2149, 2049, 4, 0, NULL, 20200419);
INSERT INTO `info` VALUES (198, '琼F4039', 2149, 2049, 1, 0, NULL, 20200418);
INSERT INTO `info` VALUES (200, '皖R8084', 2150, 2050, 3, 0, NULL, 20210809);
INSERT INTO `info` VALUES (201, '皖R8084', 2150, 2050, 4, 0, NULL, 20210811);
INSERT INTO `info` VALUES (202, '皖R8084', 2150, 2050, 1, 0, NULL, 20210810);
INSERT INTO `info` VALUES (204, '晋M9965', 2151, 2051, 3, 0, NULL, 20190313);
INSERT INTO `info` VALUES (205, '晋M9965', 2151, 2051, 4, 0, NULL, 20190315);
INSERT INTO `info` VALUES (206, '晋M9965', 2151, 2051, 1, 0, NULL, 20190314);
INSERT INTO `info` VALUES (208, '苏O8717', 2152, 2052, 3, 0, NULL, 20180201);
INSERT INTO `info` VALUES (209, '苏O8717', 2152, 2052, 4, 0, NULL, 20180203);
INSERT INTO `info` VALUES (211, '苏O8717', 2152, 2052, 2, 0, NULL, 20180202);
INSERT INTO `info` VALUES (212, '琼P5395', 2153, 2053, 3, 0, NULL, 20170811);
INSERT INTO `info` VALUES (213, '琼P5395', 2153, 2053, 4, 0, NULL, 20170813);
INSERT INTO `info` VALUES (214, '琼P5395', 2153, 2053, 1, 0, NULL, 20170812);
INSERT INTO `info` VALUES (215, '琼P5395', 2153, 2053, 2, 0, NULL, 20170812);
INSERT INTO `info` VALUES (216, '皖W8977', 2154, 2054, 3, 0, NULL, 20210520);
INSERT INTO `info` VALUES (217, '皖W8977', 2154, 2054, 4, 0, NULL, 20210522);
INSERT INTO `info` VALUES (220, '赣G7941', 2155, 2055, 3, 0, NULL, 20170213);
INSERT INTO `info` VALUES (221, '赣G7941', 2155, 2055, 4, 0, NULL, 20170215);
INSERT INTO `info` VALUES (222, '赣G7941', 2155, 2055, 1, 0, NULL, 20170214);
INSERT INTO `info` VALUES (223, '赣G7941', 2155, 2055, 2, 0, NULL, 20170214);
INSERT INTO `info` VALUES (224, '辽Y2588', 2156, 2056, 3, 0, NULL, 20200125);
INSERT INTO `info` VALUES (225, '辽Y2588', 2156, 2056, 4, 0, NULL, 20200127);
INSERT INTO `info` VALUES (228, '京V4611', 2157, 2057, 3, 0, NULL, 20210109);
INSERT INTO `info` VALUES (229, '京V4611', 2157, 2057, 4, 0, NULL, 20210111);
INSERT INTO `info` VALUES (231, '京V4611', 2157, 2057, 2, 0, NULL, 20210110);
INSERT INTO `info` VALUES (232, '辽I7287', 2158, 2058, 3, 0, NULL, 20201227);
INSERT INTO `info` VALUES (233, '辽I7287', 2158, 2058, 4, 0, NULL, 20201229);
INSERT INTO `info` VALUES (234, '辽I7287', 2158, 2058, 1, 0, NULL, 20201228);
INSERT INTO `info` VALUES (236, '黑I9444', 2159, 2059, 3, 0, NULL, 20200828);
INSERT INTO `info` VALUES (237, '黑I9444', 2159, 2059, 4, 0, NULL, 20200830);
INSERT INTO `info` VALUES (238, '黑I9444', 2159, 2059, 1, 0, NULL, 20200829);
INSERT INTO `info` VALUES (239, '黑I9444', 2159, 2059, 2, 0, NULL, 20200829);
INSERT INTO `info` VALUES (240, '苏M4661', 2160, 2060, 3, 0, NULL, 20190408);
INSERT INTO `info` VALUES (241, '苏M4661', 2160, 2060, 4, 0, NULL, 20190410);
INSERT INTO `info` VALUES (242, '苏M4661', 2160, 2060, 1, 0, NULL, 20190409);
INSERT INTO `info` VALUES (244, '皖I4979', 2161, 2061, 3, 0, NULL, 20170517);
INSERT INTO `info` VALUES (245, '皖I4979', 2161, 2061, 4, 0, NULL, 20170519);
INSERT INTO `info` VALUES (247, '皖I4979', 2161, 2061, 2, 0, NULL, 20170518);
INSERT INTO `info` VALUES (248, '晋J4734', 2162, 2062, 3, 0, NULL, 20210521);
INSERT INTO `info` VALUES (249, '晋J4734', 2162, 2062, 4, 0, NULL, 20210523);
INSERT INTO `info` VALUES (250, '晋J4734', 2162, 2062, 1, 0, NULL, 20210522);
INSERT INTO `info` VALUES (251, '晋J4734', 2162, 2062, 2, 0, NULL, 20210522);
INSERT INTO `info` VALUES (252, '黑D1558', 2163, 2063, 3, 0, NULL, 20191107);
INSERT INTO `info` VALUES (253, '黑D1558', 2163, 2063, 4, 0, NULL, 20191109);
INSERT INTO `info` VALUES (255, '黑D1558', 2163, 2063, 2, 0, NULL, 20191108);
INSERT INTO `info` VALUES (256, '赣T3565', 2164, 2064, 3, 0, NULL, 20190506);
INSERT INTO `info` VALUES (257, '赣T3565', 2164, 2064, 4, 0, NULL, 20190508);
INSERT INTO `info` VALUES (259, '赣T3565', 2164, 2064, 2, 0, NULL, 20190507);
INSERT INTO `info` VALUES (260, '鄂I7309', 2165, 2065, 3, 0, NULL, 20201207);
INSERT INTO `info` VALUES (261, '鄂I7309', 2165, 2065, 4, 0, NULL, 20201209);
INSERT INTO `info` VALUES (262, '鄂I7309', 2165, 2065, 1, 0, NULL, 20201208);
INSERT INTO `info` VALUES (264, '琼J7480', 2166, 2066, 3, 0, NULL, 20170525);
INSERT INTO `info` VALUES (265, '琼J7480', 2166, 2066, 4, 0, NULL, 20170527);
INSERT INTO `info` VALUES (268, '京S7641', 2167, 2067, 3, 0, NULL, 20210918);
INSERT INTO `info` VALUES (269, '京S7641', 2167, 2067, 4, 0, NULL, 20210920);
INSERT INTO `info` VALUES (270, '京S7641', 2167, 2067, 1, 0, NULL, 20210919);
INSERT INTO `info` VALUES (272, '黑B3184', 2168, 2068, 3, 0, NULL, 20211108);
INSERT INTO `info` VALUES (273, '黑B3184', 2168, 2068, 4, 0, NULL, 20211110);
INSERT INTO `info` VALUES (276, '黑T5517', 2169, 2069, 3, 0, NULL, 20210300);
INSERT INTO `info` VALUES (277, '黑T5517', 2169, 2069, 4, 0, NULL, 20210302);
INSERT INTO `info` VALUES (279, '黑T5517', 2169, 2069, 2, 0, NULL, 20210301);
INSERT INTO `info` VALUES (280, '琼I2525', 2170, 2070, 3, 0, NULL, 20200802);
INSERT INTO `info` VALUES (281, '琼I2525', 2170, 2070, 4, 0, NULL, 20200804);
INSERT INTO `info` VALUES (283, '琼I2525', 2170, 2070, 2, 0, NULL, 20200803);
INSERT INTO `info` VALUES (284, '鄂I1125', 2171, 2071, 3, 0, NULL, 20190722);
INSERT INTO `info` VALUES (285, '鄂I1125', 2171, 2071, 4, 0, NULL, 20190724);
INSERT INTO `info` VALUES (286, '鄂I1125', 2171, 2071, 1, 0, NULL, 20190723);
INSERT INTO `info` VALUES (287, '鄂I1125', 2171, 2071, 2, 0, NULL, 20190723);
INSERT INTO `info` VALUES (288, '黑R3133', 2172, 2072, 3, 0, NULL, 20170203);
INSERT INTO `info` VALUES (289, '黑R3133', 2172, 2072, 4, 0, NULL, 20170205);
INSERT INTO `info` VALUES (290, '黑R3133', 2172, 2072, 1, 0, NULL, 20170204);
INSERT INTO `info` VALUES (292, '鄂L6121', 2173, 2073, 3, 0, NULL, 20211118);
INSERT INTO `info` VALUES (293, '鄂L6121', 2173, 2073, 4, 0, NULL, 20211120);
INSERT INTO `info` VALUES (294, '鄂L6121', 2173, 2073, 1, 0, NULL, 20211119);
INSERT INTO `info` VALUES (295, '鄂L6121', 2173, 2073, 2, 0, NULL, 20211119);
INSERT INTO `info` VALUES (296, '鄂M5826', 2174, 2074, 3, 0, NULL, 20191221);
INSERT INTO `info` VALUES (297, '鄂M5826', 2174, 2074, 4, 0, NULL, 20191223);
INSERT INTO `info` VALUES (298, '鄂M5826', 2174, 2074, 1, 0, NULL, 20191222);
INSERT INTO `info` VALUES (299, '鄂M5826', 2174, 2074, 2, 0, NULL, 20191222);
INSERT INTO `info` VALUES (300, '晋B2209', 2175, 2075, 3, 0, NULL, 20190715);
INSERT INTO `info` VALUES (301, '晋B2209', 2175, 2075, 4, 0, NULL, 20190717);
INSERT INTO `info` VALUES (304, '京P4662', 2176, 2076, 3, 0, NULL, 20210116);
INSERT INTO `info` VALUES (305, '京P4662', 2176, 2076, 4, 0, NULL, 20210118);
INSERT INTO `info` VALUES (307, '京P4662', 2176, 2076, 2, 0, NULL, 20210117);
INSERT INTO `info` VALUES (308, '苏F5624', 2177, 2077, 3, 0, NULL, 20170115);
INSERT INTO `info` VALUES (309, '苏F5624', 2177, 2077, 4, 0, NULL, 20170117);
INSERT INTO `info` VALUES (312, '辽T8912', 2178, 2078, 3, 0, NULL, 20180804);
INSERT INTO `info` VALUES (313, '辽T8912', 2178, 2078, 4, 0, NULL, 20180806);
INSERT INTO `info` VALUES (314, '辽T8912', 2178, 2078, 1, 0, NULL, 20180805);
INSERT INTO `info` VALUES (316, '鄂S3141', 2179, 2079, 3, 0, NULL, 20200012);
INSERT INTO `info` VALUES (317, '鄂S3141', 2179, 2079, 4, 0, NULL, 20200014);
INSERT INTO `info` VALUES (320, '黑Y6876', 2180, 2080, 3, 0, NULL, 20180618);
INSERT INTO `info` VALUES (321, '黑Y6876', 2180, 2080, 4, 0, NULL, 20180620);
INSERT INTO `info` VALUES (324, '皖G2772', 2181, 2081, 3, 0, NULL, 20200502);
INSERT INTO `info` VALUES (325, '皖G2772', 2181, 2081, 4, 0, NULL, 20200504);
INSERT INTO `info` VALUES (328, '苏X5088', 2182, 2082, 3, 0, NULL, 20201009);
INSERT INTO `info` VALUES (329, '苏X5088', 2182, 2082, 4, 0, NULL, 20201011);
INSERT INTO `info` VALUES (330, '苏X5088', 2182, 2082, 1, 0, NULL, 20201010);
INSERT INTO `info` VALUES (332, '晋V2417', 2183, 2083, 3, 0, NULL, 20181221);
INSERT INTO `info` VALUES (333, '晋V2417', 2183, 2083, 4, 0, NULL, 20181223);
INSERT INTO `info` VALUES (335, '晋V2417', 2183, 2083, 2, 0, NULL, 20181222);
INSERT INTO `info` VALUES (336, '皖Q8240', 2184, 2084, 3, 0, NULL, 20200517);
INSERT INTO `info` VALUES (337, '皖Q8240', 2184, 2084, 4, 0, NULL, 20200519);
INSERT INTO `info` VALUES (340, '京L6279', 2185, 2085, 3, 0, NULL, 20180409);
INSERT INTO `info` VALUES (341, '京L6279', 2185, 2085, 4, 0, NULL, 20180411);
INSERT INTO `info` VALUES (342, '京L6279', 2185, 2085, 1, 0, NULL, 20180410);
INSERT INTO `info` VALUES (343, '京L6279', 2185, 2085, 2, 0, NULL, 20180410);
INSERT INTO `info` VALUES (344, '晋C9947', 2186, 2086, 3, 0, NULL, 20200022);
INSERT INTO `info` VALUES (345, '晋C9947', 2186, 2086, 4, 0, NULL, 20200024);
INSERT INTO `info` VALUES (347, '晋C9947', 2186, 2086, 2, 0, NULL, 20200023);
INSERT INTO `info` VALUES (348, '粤R9337', 2187, 2087, 3, 0, NULL, 20210806);
INSERT INTO `info` VALUES (349, '粤R9337', 2187, 2087, 4, 0, NULL, 20210808);
INSERT INTO `info` VALUES (350, '粤R9337', 2187, 2087, 1, 0, NULL, 20210807);
INSERT INTO `info` VALUES (352, '琼E1599', 2188, 2088, 3, 0, NULL, 20210821);
INSERT INTO `info` VALUES (353, '琼E1599', 2188, 2088, 4, 0, NULL, 20210823);
INSERT INTO `info` VALUES (354, '琼E1599', 2188, 2088, 1, 0, NULL, 20210822);
INSERT INTO `info` VALUES (356, '皖G8088', 2189, 2089, 3, 0, NULL, 20180420);
INSERT INTO `info` VALUES (357, '皖G8088', 2189, 2089, 4, 0, NULL, 20180422);
INSERT INTO `info` VALUES (359, '皖G8088', 2189, 2089, 2, 0, NULL, 20180421);
INSERT INTO `info` VALUES (360, '赣A3607', 2190, 2090, 3, 0, NULL, 20211217);
INSERT INTO `info` VALUES (361, '赣A3607', 2190, 2090, 4, 0, NULL, 20211219);
INSERT INTO `info` VALUES (362, '赣A3607', 2190, 2090, 1, 0, NULL, 20211218);
INSERT INTO `info` VALUES (363, '赣A3607', 2190, 2090, 2, 0, NULL, 20211218);
INSERT INTO `info` VALUES (364, '黑O4891', 2191, 2091, 3, 0, NULL, 20190023);
INSERT INTO `info` VALUES (365, '黑O4891', 2191, 2091, 4, 0, NULL, 20190025);
INSERT INTO `info` VALUES (366, '黑O4891', 2191, 2091, 1, 0, NULL, 20190024);
INSERT INTO `info` VALUES (367, '黑O4891', 2191, 2091, 2, 0, NULL, 20190024);
INSERT INTO `info` VALUES (368, '皖J4788', 2192, 2092, 3, 0, NULL, 20191008);
INSERT INTO `info` VALUES (369, '皖J4788', 2192, 2092, 4, 0, NULL, 20191010);
INSERT INTO `info` VALUES (370, '皖J4788', 2192, 2092, 1, 0, NULL, 20191009);
INSERT INTO `info` VALUES (371, '皖J4788', 2192, 2092, 2, 0, NULL, 20191009);
INSERT INTO `info` VALUES (372, '晋I4680', 2193, 2093, 3, 0, NULL, 20211204);
INSERT INTO `info` VALUES (373, '晋I4680', 2193, 2093, 4, 0, NULL, 20211206);
INSERT INTO `info` VALUES (374, '晋I4680', 2193, 2093, 1, 0, NULL, 20211205);
INSERT INTO `info` VALUES (376, '辽S7149', 2194, 2094, 3, 0, NULL, 20210314);
INSERT INTO `info` VALUES (377, '辽S7149', 2194, 2094, 4, 0, NULL, 20210316);
INSERT INTO `info` VALUES (380, '琼K4999', 2195, 2095, 3, 0, NULL, 20180516);
INSERT INTO `info` VALUES (381, '琼K4999', 2195, 2095, 4, 0, NULL, 20180518);
INSERT INTO `info` VALUES (383, '琼K4999', 2195, 2095, 2, 0, NULL, 20180517);
INSERT INTO `info` VALUES (384, '晋D1457', 2196, 2096, 3, 0, NULL, 20210512);
INSERT INTO `info` VALUES (385, '晋D1457', 2196, 2096, 4, 0, NULL, 20210514);
INSERT INTO `info` VALUES (386, '晋D1457', 2196, 2096, 1, 0, NULL, 20210513);
INSERT INTO `info` VALUES (387, '晋D1457', 2196, 2096, 2, 0, NULL, 20210513);
INSERT INTO `info` VALUES (388, '皖Y6981', 2197, 2097, 3, 0, NULL, 20211118);
INSERT INTO `info` VALUES (389, '皖Y6981', 2197, 2097, 4, 0, NULL, 20211120);
INSERT INTO `info` VALUES (390, '皖Y6981', 2197, 2097, 1, 0, NULL, 20211119);
INSERT INTO `info` VALUES (391, '皖Y6981', 2197, 2097, 2, 0, NULL, 20211119);
INSERT INTO `info` VALUES (392, '皖L9903', 2198, 2098, 3, 0, NULL, 20190207);
INSERT INTO `info` VALUES (393, '皖L9903', 2198, 2098, 4, 0, NULL, 20190209);
INSERT INTO `info` VALUES (394, '皖L9903', 2198, 2098, 1, 0, NULL, 20190208);
INSERT INTO `info` VALUES (396, '赣M7312', 2199, 2099, 3, 0, NULL, 20180717);
INSERT INTO `info` VALUES (397, '赣M7312', 2199, 2099, 4, 0, NULL, 20180719);
INSERT INTO `info` VALUES (398, '赣M7312', 2199, 2099, 1, 0, NULL, 20180718);

-- ----------------------------
-- Table structure for stuff
-- ----------------------------
DROP TABLE IF EXISTS `stuff`;
CREATE TABLE `stuff`  (
  `id` int NOT NULL,
  `name` char(255) CHARACTER SET utf8mb4 COLLATE utf8mb4_0900_ai_ci NULL DEFAULT NULL,
  `age` int NULL DEFAULT NULL,
  PRIMARY KEY (`id`) USING BTREE
) ENGINE = InnoDB CHARACTER SET = utf8mb4 COLLATE = utf8mb4_0900_ai_ci ROW_FORMAT = Dynamic;

-- ----------------------------
-- Records of stuff
-- ----------------------------
INSERT INTO `stuff` VALUES (2000, '孙水鹏', 47);
INSERT INTO `stuff` VALUES (2001, '黄天天', 45);
INSERT INTO `stuff` VALUES (2002, '范未风', 14);
INSERT INTO `stuff` VALUES (2003, '叶好笑', 45);
INSERT INTO `stuff` VALUES (2004, '周小未', 16);
INSERT INTO `stuff` VALUES (2005, '李佳人', 16);
INSERT INTO `stuff` VALUES (2006, '叶佳笑', 8);
INSERT INTO `stuff` VALUES (2007, '叶爱未', 7);
INSERT INTO `stuff` VALUES (2008, '范未好', 31);
INSERT INTO `stuff` VALUES (2009, '蔡好未', 26);
INSERT INTO `stuff` VALUES (2010, '范人爱', 27);
INSERT INTO `stuff` VALUES (2011, '孙笑小', 37);
INSERT INTO `stuff` VALUES (2012, '周天平', 19);
INSERT INTO `stuff` VALUES (2013, '范苗小', 24);
INSERT INTO `stuff` VALUES (2014, '周天平', 34);
INSERT INTO `stuff` VALUES (2015, '黄苗苗', 6);
INSERT INTO `stuff` VALUES (2016, '孙平佳', 31);
INSERT INTO `stuff` VALUES (2017, '赵鹏天', 36);
INSERT INTO `stuff` VALUES (2018, '孙风未', 25);
INSERT INTO `stuff` VALUES (2019, '钱未未', 24);
INSERT INTO `stuff` VALUES (2020, '黄风时', 42);
INSERT INTO `stuff` VALUES (2021, '叶年平', 37);
INSERT INTO `stuff` VALUES (2022, '黄时平', 24);
INSERT INTO `stuff` VALUES (2023, '蔡鹏笑', 11);
INSERT INTO `stuff` VALUES (2024, '周风水', 30);
INSERT INTO `stuff` VALUES (2025, '孙水鹏', 16);
INSERT INTO `stuff` VALUES (2026, '叶平风', 38);
INSERT INTO `stuff` VALUES (2027, '李时风', 43);
INSERT INTO `stuff` VALUES (2028, '周苗人', 19);
INSERT INTO `stuff` VALUES (2029, '赵平年', 45);
INSERT INTO `stuff` VALUES (2030, '叶笑小', 19);
INSERT INTO `stuff` VALUES (2031, '钱人风', 30);
INSERT INTO `stuff` VALUES (2032, '黄风年', 32);
INSERT INTO `stuff` VALUES (2033, '周爱笑', 25);
INSERT INTO `stuff` VALUES (2034, '赵平鹏', 25);
INSERT INTO `stuff` VALUES (2035, '蔡爱人', 48);
INSERT INTO `stuff` VALUES (2036, '黄小苗', 19);
INSERT INTO `stuff` VALUES (2037, '周水鹏', 35);
INSERT INTO `stuff` VALUES (2038, '揭小人', 6);
INSERT INTO `stuff` VALUES (2039, '揭未笑', 11);
INSERT INTO `stuff` VALUES (2040, '孙年时', 7);
INSERT INTO `stuff` VALUES (2041, '钱未人', 12);
INSERT INTO `stuff` VALUES (2042, '揭小笑', 20);
INSERT INTO `stuff` VALUES (2043, '赵苗鹏', 26);
INSERT INTO `stuff` VALUES (2044, '周天鹏', 3);
INSERT INTO `stuff` VALUES (2045, '蔡未爱', 31);
INSERT INTO `stuff` VALUES (2046, '黄鹏鹏', 27);
INSERT INTO `stuff` VALUES (2047, '赵佳人', 26);
INSERT INTO `stuff` VALUES (2048, '揭笑风', 30);
INSERT INTO `stuff` VALUES (2049, '范好平', 9);
INSERT INTO `stuff` VALUES (2050, '揭年爱', 30);
INSERT INTO `stuff` VALUES (2051, '李鹏佳', 16);
INSERT INTO `stuff` VALUES (2052, '孙爱爱', 39);
INSERT INTO `stuff` VALUES (2053, '赵好爱', 27);
INSERT INTO `stuff` VALUES (2054, '叶平时', 17);
INSERT INTO `stuff` VALUES (2055, '赵人水', 29);
INSERT INTO `stuff` VALUES (2056, '范人爱', 20);
INSERT INTO `stuff` VALUES (2057, '范小水', 28);
INSERT INTO `stuff` VALUES (2058, '黄平天', 26);
INSERT INTO `stuff` VALUES (2059, '黄鹏爱', 11);
INSERT INTO `stuff` VALUES (2060, '蔡小风', 33);
INSERT INTO `stuff` VALUES (2061, '钱好风', 44);
INSERT INTO `stuff` VALUES (2062, '范爱年', 28);
INSERT INTO `stuff` VALUES (2063, '揭鹏小', 14);
INSERT INTO `stuff` VALUES (2064, '李风爱', 4);
INSERT INTO `stuff` VALUES (2065, '叶平年', 7);
INSERT INTO `stuff` VALUES (2066, '揭水鹏', 3);
INSERT INTO `stuff` VALUES (2067, '李笑风', 31);
INSERT INTO `stuff` VALUES (2068, '李爱苗', 46);
INSERT INTO `stuff` VALUES (2069, '范水时', 5);
INSERT INTO `stuff` VALUES (2070, '李年未', 8);
INSERT INTO `stuff` VALUES (2071, '钱风年', 24);
INSERT INTO `stuff` VALUES (2072, '黄佳天', 14);
INSERT INTO `stuff` VALUES (2073, '蔡风时', 18);
INSERT INTO `stuff` VALUES (2074, '范笑水', 17);
INSERT INTO `stuff` VALUES (2075, '赵小爱', 35);
INSERT INTO `stuff` VALUES (2076, '揭水风', 43);
INSERT INTO `stuff` VALUES (2077, '周水人', 40);
INSERT INTO `stuff` VALUES (2078, '蔡小好', 1);
INSERT INTO `stuff` VALUES (2079, '李鹏爱', 5);
INSERT INTO `stuff` VALUES (2080, '黄天时', 41);
INSERT INTO `stuff` VALUES (2081, '黄人笑', 9);
INSERT INTO `stuff` VALUES (2082, '叶未笑', 34);
INSERT INTO `stuff` VALUES (2083, '范人人', 46);
INSERT INTO `stuff` VALUES (2084, '孙爱苗', 30);
INSERT INTO `stuff` VALUES (2085, '周小笑', 35);
INSERT INTO `stuff` VALUES (2086, '李人时', 44);
INSERT INTO `stuff` VALUES (2087, '孙小人', 5);
INSERT INTO `stuff` VALUES (2088, '钱天佳', 3);
INSERT INTO `stuff` VALUES (2089, '孙人平', 46);
INSERT INTO `stuff` VALUES (2090, '蔡水时', 48);
INSERT INTO `stuff` VALUES (2091, '钱水爱', 49);
INSERT INTO `stuff` VALUES (2092, '孙平水', 4);
INSERT INTO `stuff` VALUES (2093, '范鹏人', 14);
INSERT INTO `stuff` VALUES (2094, '蔡天爱', 27);
INSERT INTO `stuff` VALUES (2095, '周苗人', 31);
INSERT INTO `stuff` VALUES (2096, '蔡佳年', 20);
INSERT INTO `stuff` VALUES (2097, '钱人爱', 28);
INSERT INTO `stuff` VALUES (2098, '孙好人', 29);
INSERT INTO `stuff` VALUES (2099, '钱鹏爱', 35);

-- ----------------------------
-- Table structure for users
-- ----------------------------
DROP TABLE IF EXISTS `users`;
CREATE TABLE `users`  (
  `name` varchar(255) CHARACTER SET utf8mb4 COLLATE utf8mb4_0900_ai_ci NOT NULL,
  `password` varchar(255) CHARACTER SET utf8mb4 COLLATE utf8mb4_0900_ai_ci NOT NULL,
  `author` int NULL DEFAULT NULL,
  `customerid` int NULL DEFAULT NULL,
  `date` datetime NULL DEFAULT NULL,
  PRIMARY KEY (`name`) USING BTREE,
  INDEX `customerid`(`customerid`) USING BTREE,
  CONSTRAINT `users_ibfk_1` FOREIGN KEY (`customerid`) REFERENCES `customer` (`id`) ON DELETE RESTRICT ON UPDATE RESTRICT
) ENGINE = InnoDB CHARACTER SET = utf8mb4 COLLATE = utf8mb4_0900_ai_ci ROW_FORMAT = DYNAMIC;

-- ----------------------------
-- Records of users
-- ----------------------------
INSERT INTO `users` VALUES ('admin', '123', 1, NULL, '2021-06-17 12:13:52');
INSERT INTO `users` VALUES ('root', '123', 2, NULL, '2021-06-17 12:14:02');
INSERT INTO `users` VALUES ('user', '123', 0, 2100, '2021-06-17 12:11:19');

-- ----------------------------
-- Triggers structure for table users
-- ----------------------------
DROP TRIGGER IF EXISTS `UPDATE_TIME`;
delimiter ;;
CREATE TRIGGER `UPDATE_TIME` BEFORE INSERT ON `users` FOR EACH ROW BEGIN
SET NEW.date = current_timestamp;
END
;;
delimiter ;

SET FOREIGN_KEY_CHECKS = 1;
